{
  "id": "3668541",
  "name": "music",
  "font_family": "iconfont",
  "css_prefix_text": "icon-",
  "description": "",
  "glyphs": [
    {
      "icon_id": "11349144",
      "name": "love",
      "font_class": "love-active",
      "unicode": "e642",
      "unicode_decimal": 58946
    },
    {
      "icon_id": "1203705",
      "name": "新浪微博",
      "font_class": "xinlangweibo",
      "unicode": "e608",
      "unicode_decimal": 58888
    },
    {
      "icon_id": "33001940",
      "name": "新浪微博-copy",
      "font_class": "xinlangweibo-copy",
      "unicode": "ec8e",
      "unicode_decimal": 60558
    },
    {
      "icon_id": "1221225",
      "name": "性别女",
      "font_class": "xingbienv",
      "unicode": "e606",
      "unicode_decimal": 58886
    },
    {
      "icon_id": "1221226",
      "name": "性别男",
      "font_class": "xingbienan",
      "unicode": "e607",
      "unicode_decimal": 58887
    },
    {
      "icon_id": "5317125",
      "name": "download",
      "font_class": "download",
      "unicode": "e75c",
      "unicode_decimal": 59228
    },
    {
      "icon_id": "12004575",
      "name": "Love",
      "font_class": "Love",
      "unicode": "ea9c",
      "unicode_decimal": 60060
    },
    {
      "icon_id": "1263385",
      "name": "邮箱",
      "font_class": "youxiang",
      "unicode": "e64d",
      "unicode_decimal": 58957
    },
    {
      "icon_id": "1301391",
      "name": "衣服",
      "font_class": "yifu1",
      "unicode": "e666",
      "unicode_decimal": 58982
    },
    {
      "icon_id": "28661080",
      "name": "Setting",
      "font_class": "Setting",
      "unicode": "e662",
      "unicode_decimal": 58978
    },
    {
      "icon_id": "23492858",
      "name": "衣服",
      "font_class": "yifu",
      "unicode": "e61e",
      "unicode_decimal": 58910
    },
    {
      "icon_id": "6380878",
      "name": "点赞_块",
      "font_class": "dianzan_kuai",
      "unicode": "ec8c",
      "unicode_decimal": 60556
    },
    {
      "icon_id": "32159031",
      "name": "play_fill-copy",
      "font_class": "playfill-copy",
      "unicode": "e875",
      "unicode_decimal": 59509
    },
    {
      "icon_id": "32567649",
      "name": "play_fill-copy-copy",
      "font_class": "playfill-copy-copy",
      "unicode": "ec8d",
      "unicode_decimal": 60557
    },
    {
      "icon_id": "993674",
      "name": "前进",
      "font_class": "qianjin",
      "unicode": "e605",
      "unicode_decimal": 58885
    },
    {
      "icon_id": "12813773",
      "name": "back",
      "font_class": "back1",
      "unicode": "e874",
      "unicode_decimal": 59508
    },
    {
      "icon_id": "6437677",
      "name": "back",
      "font_class": "back",
      "unicode": "e609",
      "unicode_decimal": 58889
    },
    {
      "icon_id": "11231951",
      "name": "play",
      "font_class": "play1",
      "unicode": "e7b0",
      "unicode_decimal": 59312
    },
    {
      "icon_id": "32020327",
      "name": "play-copy",
      "font_class": "play1-copy",
      "unicode": "e7b1",
      "unicode_decimal": 59313
    },
    {
      "icon_id": "27107576",
      "name": "play-circle-filled",
      "font_class": "play-circle-filled",
      "unicode": "e655",
      "unicode_decimal": 58965
    },
    {
      "icon_id": "32018011",
      "name": "chapter-next-copy",
      "font_class": "chapter-next-copy",
      "unicode": "e6cd",
      "unicode_decimal": 59085
    },
    {
      "icon_id": "32018012",
      "name": "chapter-pre-copy",
      "font_class": "chapter-pre-copy",
      "unicode": "e6ce",
      "unicode_decimal": 59086
    },
    {
      "icon_id": "23581011",
      "name": "chapter-next",
      "font_class": "chapter-next",
      "unicode": "e6cb",
      "unicode_decimal": 59083
    },
    {
      "icon_id": "23581013",
      "name": "chapter-pre",
      "font_class": "chapter-pre",
      "unicode": "e6cc",
      "unicode_decimal": 59084
    },
    {
      "icon_id": "8760039",
      "name": "pause",
      "font_class": "pause",
      "unicode": "e622",
      "unicode_decimal": 58914
    },
    {
      "icon_id": "1061018",
      "name": "play",
      "font_class": "play",
      "unicode": "e603",
      "unicode_decimal": 58883
    },
    {
      "icon_id": "1443691",
      "name": "vip",
      "font_class": "vip1",
      "unicode": "e65e",
      "unicode_decimal": 58974
    },
    {
      "icon_id": "572591",
      "name": "VIP",
      "font_class": "vip",
      "unicode": "e614",
      "unicode_decimal": 58900
    }
  ]
}
